trial_id,candidate_id,case_id,status,defect_id,observed,evidence_refs,notes
,,P01,NOT_RUN,,,,
,,P02,NOT_RUN,,,,
,,P03,NOT_RUN,,,,
,,P04,NOT_RUN,,,,
,,I01,NOT_RUN,,,,
,,I02,NOT_RUN,,,,
,,I03,NOT_RUN,,,,
,,I04,NOT_RUN,,,,
,,I05,NOT_RUN,,,,
,,R01,NOT_RUN,,,,
,,R02,NOT_RUN,,,,
,,R03,NOT_RUN,,,,
,,R04,NOT_RUN,,,,
,,R05,NOT_RUN,,,,
,,Q01,NOT_RUN,,,,
,,Q02,NOT_RUN,,,,
,,G01,NOT_RUN,,,,
,,G02,NOT_RUN,,,,
,,G03,NOT_RUN,,,,
,,G04,NOT_RUN,,,,
,,G05,NOT_RUN,,,,
,,G06,NOT_RUN,,,,
,,G07,NOT_RUN,,,,
,,G08,NOT_RUN,,,,
,,M01,NOT_RUN,,,,
,,M02,NOT_RUN,,,,
,,M03,NOT_RUN,,,,
,,M04,NOT_RUN,,,,
,,S01,NOT_RUN,,,,
,,S02,NOT_RUN,,,,
,,S03,NOT_RUN,,,,
,,S04,NOT_RUN,,,,
,,S05,NOT_RUN,,,,
,,D01,NOT_RUN,,,,
,,D02,NOT_RUN,,,,
,,D03,NOT_RUN,,,,
,,D04,NOT_RUN,,,,
,,D05,NOT_RUN,,,,
,,A01,NOT_RUN,,,,
,,A02,NOT_RUN,,,,
