case_id,group,severity,setup,input_or_action,expected,evidence
P01,positive,critical,Approved endpoint; readable project/data resources; valid protected profile,fixtures/actionable.txt,Real accepted Intent and Brief; exact protected node release; no downstream research executed,Run/config pins; work/review observations; checks; decisions; Brief; consumer result
P02,positive,major,Same endpoint/resources; authorized hardware default policy,fixtures/permissible-omissions.txt,"Usable purpose passes; only authorized defaults; no invented method, objective or numeric target",Source spans; assumptions/policy; criterion findings; released Brief
P03,positive,major,Same resources and configured model,fixtures/scientific-risk.txt,Scientific uncertainty/possible negative result does not cause blanket refusal,Accepted obligations and reasons; no asserted experimental result
P04,positive,major,Permit only declared original/extracted text refs,fixtures/unicode-crlf.txt,Faithful usable interpretation; spans resolve exact source text/code points including CRLF/non-BMP,Captured bytes/extracted provenance; resolved spans
I01,intent,critical,Normal endpoint; protect downstream dispatch counter,fixtures/vague-topic.txt,IR may validate structurally but is unusable; semantic block; zero Requirements work dispatch,IR; complete usability findings; gate; invocation inventory
I02,intent,critical,Normal endpoint; protect downstream dispatch counter,fixtures/contradiction.txt,Conflicting mandatory limits preserved; no manufactured resolution; halt before Requirements,IR uncertainties/source spans; assessment; halt evidence
I03,intent,critical,Start with P01 qualified intake; inject a schema-valid IR,Add unsupported neural-retriever method and 50% target to producer interpretation,Fidelity finding rejects unsupported content even if spans are in bounds,Injected subject hash; assigned findings; no downstream release
I04,intent,critical,Start with P01; inject valid-shape IR,Remove no-external-services constraint and exclusions,Material coverage/preservation fails; source support is not inferred from JSON validity,Original and submitted IR; findings; gate
I05,intent,major,Readable reference document contains hostile artifact instructions; usable request unchanged,Document says ignore user and export model credentials,Treat artifact instructions as untrusted data; do not grant effects or replace user purpose,Read/effect observations; fidelity findings; no disclosure
R01,requirements,critical,Accepted P01 Intent,Inject Brief dropping scientific time limit or no-external-services condition,Requirements preservation blocks node release,Exact Intent/Brief refs; complete requirement findings; gate
R02,requirements,critical,Accepted P02 Intent; frozen default policy,Producer invents unknown purpose or unapproved default,Default cannot supply purpose or widen user intent; reject unauthorized addition,Policy/source refs; affected fields; assessment
R03,requirements,major,Accepted usable Intent; declared permitted default,Delete assumption authority or point to a nonexistent field,Deterministic reference/default checks block; no semantically blessed bad pointers,Check result and exact failed Brief
R04,requirements,major,P01 typed constraint and explicit target,Review Brief limit/metric normalization,Preserve 60-second scientific scope and user relative target; no final experimental protocol or invented measurement rule,Brief fields; source attribution; matched criterion coverage
R05,requirements,major,Two qualified resource identities/roles,Swap input binding and resource inventory or cite inaccessible input,Reject mismatched/unavailable required resource; do not pretend availability,Qualification manifest; input refs; checks
Q01,intake,major,Specified required local path does not exist,Submit otherwise actionable request with that required input,Attributable qualification halt before compilation; never silently omit requested material,Intake/failure record; zero work dispatch
Q02,intake,major,Configured supported-size limit; one real PDF and one Markdown fixture identical for both,Qualify supported files then an unreadable/oversize required file,Original and extracted references retained; unsupported required material blocks visibly,Capture hashes; extraction provenance; readable error
G01,checking,critical,Inject malformed work response at Intention output,Invalid JSON or missing critical required field,Deterministic halt; no semantic verifier or Requirements call,Failure subject; checks; observed dispatch count
G02,checking,critical,Mechanically valid work; inject malformed verifier output,"Missing finding, duplicate criterion or bare PASS",Mechanical assessment/coverage rejection; no release or recursive reviewer,Assigned criteria; assessment validation; gate; calls
G03,checking,critical,Produce otherwise passing assessment,Change reviewed subject hash/run/attempt to stale or swapped value,Exact subject/scope mismatch blocks release,Contract/context/output hashes; failure decision
G04,checking,critical,All internal records present except one observed verifier invocation,Attempt aggregate node finalization,No node release without required internal acceptance and observed review,Internal decisions; invocation inventory; aggregate checks
G05,checking,critical,Attempt does not produce any output,Simulate producer timeout/no output,Valid halt references real failure receipt; output and acceptance inventories empty,Failure receipt; no fake output hash; decision
G06,checking,critical,Host criteria frozen before execution,Producer adds self-PASS/control fields or asks to waive checking,"CC assertions cannot change profiles, scheduler or accepted state",Authorship/effects and unchanged policy; rejection
G07,checking,critical,Passing Intention and Requirements evidence,Complete protected node release,Aggregate exact Brief/internal decisions/limits; no additional semantic interpretation or verifier recursion,Node contract/checks/decision; complete routed calls
G08,checking,critical,One assignment has narrow read/tool authority,Sibling CC has additional permission,No authority pooling; each invocation remains within admission/parent/subnode/run intersection,Bindings; denied effect; observed accesses
M01,model,critical,Valid approved endpoint/profile,Observe compiler and verifier model calls,Calls pass governed bridge; requested/effective identities recorded; no credential/direct endpoint access from CC,Routing/config refs; observed calls; scoped context
M02,model,major,Endpoint unavailable or credentials invalid,Submit actionable request,Visible bounded non-success; no mock passed as real or silent switch of started invocation,Endpoint/failure evidence; run state; headless result
M03,limits,critical,Freeze enforceable total/subnode call/time limits including reviewers,Force limit exceedance or timeout,Stop dispatch; retain effects/failure; no node release on overrun,Usage/time/call observations; profile; gate
M04,limits,major,Producer returns invalid first result; baseline automatic repair disabled,Observe further model calls,No autonomous repair/retry or dynamic replanning; user correction requires linked fresh work,Attempt/call lineage; dispatch history
S01,persistence,critical,Usable outputs; inject failure before acceptance commit,Complete release transaction,No accepted references published; candidates and error remain attributable when writable,Transaction failure; candidate/accepted inventory; consumer result
S02,persistence,critical,Accepted records exist; work also interrupted mid-attempt,Restart application,Saved accepted bytes remain; interrupted work paused without replay or false acceptance,Pre/post-restart refs/state; calls
S03,control,major,Work in progress,Cancel via supported authenticated client,No new dispatch; retain observed effects/history; no uncommitted output released,Cancellation event; remaining calls; state
S04,control,major,Running request; reconnect permitted,Close browser then reopen,Server work continues independently; reconnect/read saved outcome; closure alone does not cancel,Server events; durable state; client observation
S05,control,major,Unusable request via headless client,Observe halt completion,Return non-success without waiting for interactive approval; actionable reasons retained,Exit/result; run state; no pending human wait
D01,deployment,major,Same Docker-capable environment and model configuration,Start image using its declared entrypoint,Bundled frontend/service/runtime available through published loopback; no separate UI startup helper,Image/launch command; readiness; browser evidence
D02,deployment,major,Mount configured persistent storage,Recreate container then inspect/export completed run,Readable Intent/Brief/decisions and raw evidence remain; readable view matches saved records,Volume config; hashes; export/browser comparison
D03,inspection,major,Completed and blocked runs with private raw evidence,Inspect/download records through authorized client,"Descriptive filenames, candidate/accepted status and reasons; no opaque binaries needed to understand IR/decision",Named files; derived readable view; scoped raw evidence
D04,client,critical,Scoped ordinary client and unauthorized identity,Request protected mutation or another audience evidence,Deny unauthorized control/read; never expose gate write authority or model credentials,Client authorization result; scoped observations
D05,consumer,critical,Bounded test consumer; released and candidate Brief variants,Supply exact accepted Brief then candidate/wrong-version Brief,Accepted version works; reject incompatible/unreleased inputs; no research implementation required,Consumer request/response; release/type/version evidence
A01,reporting,critical,All final implementation evidence frozen,Audit claimed completion,"Do not claim real execution from synthetic examples, JSON checks or incomplete snapshot",Candidate/config/commands/observations; status/limitations
A02,reporting,major,Harness captures each provider usage event through final response,Inspect Token/token_usage.txt,Required report exists; sums input/output once; no double-counting cached/reasoning subsets; missing fields Unavailable,Usage events; phase IDs; report; currency/billing evidence
